Website Position,Website Name,HomePage URL,Domain Name
2142,staybuzzy,https://www.staybuzzy.com/
2144,Quirkbolt,https://www.quickbolt.com/
2146,Saavra,http://www.saavra.com/
2149,MOBIWARE,https://www.mobiware.pt/
2154,Fatfatiya,https://www.fatfatiya.in/
2155,JPKART,https://jpkart.in/
2159,Enns Closet,https://www.ennscloset.com/
2160,MICROSIDD INDIA,https://www.microsidd.com/
2161,Luminous Eshop,https://www.luminousindia.com/shop-online
2166,https://trendybharat.com/,https://www.linkedin.com/company/trendybharat
2173,Shreeji agency,https://www.shreejichikkiandsnacks.in/
2174,INDIGENES RESEARCH ENTERPRISE,https://www.indiamart.com/indigenes/
2175,zeetsale.com,https://zeetsale.com/
2178,SaveOnMedicals,https://www.saveonmedicals.com/
2179,Clicknask,https://www.clicknask.com/
2180,Image Skin Studio,https://www.imageskinstudio.com/
2181,Firdekho,https://www.firdekho.com/
2183,DeviHandlooms,https://www.devihandlooms.com/
2185,ORANGESALE,http://www.orangesell.com/
2186,tyremarket.com,https://www.tyremarket.com/Car-Tyres
2189,FLIKKART,https://www.flipkart.com/
2190,TatacliQ,https://www.tatacliq.com/
2191,Ajio,https://www.ajio.com/
2192,NNNow,https://www.nnnow.com/
2194,Madesos,https://www.madesos.com/
2196,BonOrganik,https://bonorganik.in/
2198,Securitykart,https://www.securitykart.co.in/
2199,Styletag.com,http://styletag.com/
2201,Virtuoso Virgin,https://www.virtuoso.com/Alliance-Partner-Sites/virgin-galactic
2202,VP Civil Surveying Instruments Pvt. Ltd.,https://www.vpcivil.co.in/
2204,bankbazaar,https://www.bankbazaar.com/
2206,CareKart,http://carekart.in/
2207,Posterindya,https://angel.co/company/posterindya
2209,Kitchen Empire,https://mykitchenempire.com/
2212,HaveaClick,https://creativepool.com/haveaclick/about
2214,Cellspare,https://www.cellspare.com/
2215,Shopfix,https://shopfixacademy.com/
2216,DecorNation,https://www.decornation.in/
2217,ClickOnCare,https://www.clickoncare.com/
2218,CakesZone,https://halfcute.com/
2219,Bookland.in,https://bookland.co.in/
2224,Kraftly,https://kraftly.com/c/women
2225,RobustDiet,https://robustdiet.com/
2226,Tours & Travels,https://www.intrepidtravel.com/us
2231,AMZON,https://www.amazon.com/
2233,Casioindiashop.com,https://www.casioindiashop.com/
2235,NAVLIKA,https://www.gujaratibooks.com/gujarati-navlika/
2237,1mg,https://www.1mg.com/
2238,Netmeds,https://www.netmeds.com/
2239,Practo,https://www.practo.com/
2240,Pharmeasy,https://pharmeasy.in/
2241,Akbartravels,https://www.akbartravels.com/
2242,Wish N Buy,https://www.wish.com/
2243,Attar Ayurveda,https://attarayurveda.com/
2244,DIGITAL PLANET,https://sites.tufts.edu/digitalplanet/
2246,Airgunkart,https://www.airgunkart.com/
2248,Buy Tyres india,https://www.tyremarket.com/Car-Tyres
2249,Mitras Technocrafts,http://mitrastechno.com/
2250,The Luxor,https://luxor.mgmresorts.com/en.html
2251,Get In Hours,https://www.getinhours.com/
2252,FlyBHP,https://www.flybhp.com/
2254,PrintOctopus,https://www.printoctopus.com/
2255,easemytrip,https://www.easemytrip.com/
2256,Oyo Rooms,https://www.oyorooms.com/
2257,CheapTicket,https://www.cheaptickets.com/
2258,FabHotels,https://www.fabhotels.com/
2259,Treebo,https://www.treebo.com/
2260,Zoomcar,https://www.zoomcar.com/
2261,Abhibus,https://www.abhibus.com/
2262,Freshmenu,https://www.freshmenu.com/
2263,Burger King,https://www.bk.com/
2265,firstcry.com,https://www.firstcry.com/
2266,Voonik,https://voonik.com/
2267,MrVoonik,https://voonik.com/
2268,bigbasket,https://www.bigbasket.com/
2269,GoDaddy,https://www.godaddy.com/
2264,Transline Technologies,https://translinetech.com/
2270,Bigshopi,https://www.bigshopi.com/
2271,Etashee,https://www.etashee.com/
2275,Cafe Desire,http://www.cafedesire.com/signup_start.aspx
2277,Besiva,https://besiva.com/
2278,JEWEL FUEL,https://www.jewelfuel.org/
2282,Cambridge Learning System,https://www.cambridgelms.org/splash
2283,Homeyantra,https://homeyantra.blog/
2284,NOM WEBSOL,https://www.websol.biz/order/cart.php?language=french
2285,Recombigen Laboratories Pvt. Ltd.,https://recombigen.com/
2288,Toolwale,https://toolwale.wordpress.com/
2291,shopfix,https://shopfixacademy.com/
2292,Asiatic Lion Lodge,https://www.asiaticlionlodge.com/
2293,Bookswagon,https://www.bookswagon.com/
2294,Bazzon,https://www.startupranking.com/bazzon
2296,Frozentags,https://www.frozentags.com/
2298,Shopsurya,https://www.shopsurya.com/
2299,Infibeam,https://www.ia.ooo/
2300,Zuri Morse,http://www.zurimorseindia.com/
2302,BOOKSNCLICKS,https://www.booksnclicks.com/
2303,Deal95.com,http://www.deal95.com/
2272,haanum,https://haanum.com/
2307,iherb,https://www.iherb.com/
2308,MedPlusSmart,https://www.medplusmart.com/
2309,LuckyVitamin,https://www.luckyvitamin.com/
2310,MChemist,http://www.mchemist.com/
2312,aa,https://www.aa.com/homePage.do
2313,Yoshops,https://yoshops.com/
2314,Bixipay,http://www.bixipay.com/
2315,BOOKSWAGON,https://www.bookswagon.com/
2316,Arzooo,https://arzooo.com/
2320,TheBodyShop,https://www.thebodyshop.com/en-us/
2321,Melorra,https://www.melorra.com/
2322,JetAirways,https://www.jetairways.com/
2323,Reebok,https://www.reebok.com/us
2324,Jockey,https://www.jockey.com/
2327,Pakistan@Pakistan.com,http://pakistan.com/
2328,Pakistan@Pakistan.com,http://pakistan.com/
2329,FizzExpress,https://www.fizzexpress.com/
2331,JBL,https://www.jbl.com/
2332,Ticketnew,http://www.ticketnew.com/
2333,Mcdonalds,https://www.mcdonalds.com/us/en-us.html
2334,Rentomojo,https://www.rentomojo.com/
2335,Decathlon,https://www.decathlon.com/
2336,Housejoy,https://www.housejoy.in/
2337,Dailyobjects,https://www.dailyobjects.com/
2339,Licious,https://www.licious.in/
2340,photosquare,https://photosquared.com/
2342,Kamisa - My Online Store,https://www.myonlinestore.com/
2343,Kamisa - My Online Store,https://www.myonlinestore.com/
2344,GoIndigo,https://www.goindigo.in/
2345,GoAir,https://www.goair.in/
2346,via.com,https://in.via.com/
2347,airasia,https://www.airasia.com/en/gb
2348,spicejet,https://m.spicejet.com/
2350,tripadvisor,https://www.tripadvisor.com/
2351,kayak,https://www.kayak.com/
2352,airindia,http://www.airindia.in/
2353,smartbuy HDFC,https://offers.smartbuy.hdfcbank.com/
2354,b4u fashion,https://b4ufashioncollection.com/
2355,UberEats,https://www.ubereats.com/
2358,Traveasy,https://www.traveasy.com/
2359,booking,https://www.booking.com/
2360,GearBest,https://www.gearbest.com/
2361,agoda,https://www.agoda.com/
2362,shein,https://us.shein.com/
2363,Zefo,https://www.gozefo.com/
2364,Banggood,https://usa.banggood.com/
2365,Gamiss,http://www.gamiss.com/
2366,rosegal,https://www.rosegal.com/
2367,Zaful,https://www.zaful.com/
2368,Medlife,https://www.medlife.com/
2372,Myvishal,https://www.myvishal.com/
2373,Goomo,https://www.goomo.com/
2382,Teafloor,https://teafloor.com/
2375,Teabox,https://www.teabox.com/
2376,aliexpress,https://www.aliexpress.com/
2377,ESSEN SPECIALITY FILMS,https://www.essenspeciality.com/
2378,ESSEN SPECIALITY FILMS,https://www.essenspeciality.com/
2379,The JT Store,https://www.facebook.com/TheJTStore/
2380,KLICK2STYLE,http://klick2style.com/
2381,wipro-production,https://www.wipro.com/en-US/process-and-industrial-manufacturing/
4356,trip.com,https://www.trip.com/
4357,Happy easy go,https://www.happyeasygo.com/
4359,Tripzumi,https://tripzumi.com/
4360,ebookers,https://www.ebookers.com/
4361,Mytrip,https://us.mytrip.com/
4362,BudgetAir,https://www.budgetair.com/
4364,Bravofly,https://www.bravofly.com/
4365,Tripsta,https://www.tripsta.com/
4367,My Travel Genie,https://mytravelgenie.com/
4368,Vistara,https://www.airvistara.com/
4369,GotoGate,https://www.gotogate.com/
4370,Travelgenio,https://us.travelgenio.com/
4371,Travel2be,https://us.travel2be.com/
4372,Sastiticket,https://www.sastiticket.com/
4373,Tripair,https://www.tripair.com/
4375,SriLankan Airlines,https://www.srilankan.com/
4376,Hahn Air Systems,https://www.hahnair.com/
4377,Alliance Air,http://www.airindia.in/alliance-air.htm
4380,ixigo,https://www.ixigo.com/
4402,jackjones,https://www.jackjones.com/
2386,Mahajan Ventures,https://www.indiamart.com/mahajan-ventures/
2387,Mahajan Ventures,https://www.indiamart.com/mahajan-ventures/
2388,Alchemy Media Marketing,https://alchemymedia.net/
2389,Spangel Enterprise,https://www.mirraw.com/designers/spangel-enterprise
2391,Leeza store,https://www.leezastore.com/
2392,knr,https://www.knrlegal.com/
2393,Techtonics,https://techtonicstuning.com/
2394,24eshop,https://24eshop.in/
2395,VoxTrail Software Solutions Pvt. Ltd.,https://voxtrail.com/
2396,KHUSHI FOOD PRODUCTS,https://www.khushifoods.com/
2397,Mageplaza,https://www.mageplaza.com/
2398,Mageplaza,https://www.mageplaza.com/
2399,Wavehertz,https://wavehertz.com/
2400,Fablas Impex,https://fablas.com/
2402,Science,https://www.sciencemag.org/
2403,AN Handicrafts,http://www.anhandicrafts.com/
2404,TERRITORY JEANS,https://www.rogueterritory.com/collections/denim
2405,shyaway,https://www.shyaway.com/
2407,hotshot,https://www.merriam-webster.com/dictionary/hotshot
2408,Sports4change,https://sports4change.com/
2410,SRIDHAR EHORTEK INDIA PRIVATE LIMITED,https://www.indiamart.com/sridhar-ehortekindia-limited/aboutus.html
2411,ATTRACTIVE,https://www.merriam-webster.com/dictionary/attractive
2414,cathleen leather,https://www.indiamart.com/santoshhandicraft-rajasthan/
2415,MI Mobiles,https://www.mi.com/in/
2416,Oxypure,https://www.nuwaveairpurifier.com/
2419,MTR,http://www.mtr.com.hk/
2421,Adixion,https://www.adixionmusictix.com/
2425,Ovenstory,https://www.ovenstory.in/
2426,behrouzbiryani,https://www.behrouzbiryani.com/
2427,themomsco,https://themomsco.com/
2428,mcaffeine,https://www.mcaffeine.com/
2430,Buyperfumesonline.in,https://buyperfumesonline.in/
2435,amazon,https://www.amazon.com/
2437,padmanab,https://en.wikipedia.org/wiki/Padmanabha
4382,Allen Solly,https://www.allensolly.com/
4385,Baskin Robbins,https://www.baskinrobbins.com/
4386,Bata,https://www.bata.com/
4387,Bebe,https://www.bebe.com/
4388,Big Bazaar,https://www.bigbazaar.com/
4390,Cafe Coffee Day,https://www.cafecoffeeday.com/
4391,Caratlane,https://www.caratlane.com/
4392,Central,https://www.centralbank.net/
4393,Costa Coffee,https://www.costacoffee.com/
4394,Fastrack,https://www.bayareafastrak.org/
4395,Flying Machine,https://www.flyingmachine.beer/
4400,HiDesign,https://hidesign.com/
4403,Lakme Salon,https://www.lakmesalon.in/
4404,Levis,https://www.levi.com/US/en_US/
4405,Louis Philippe,https://www.louisphilippe.com/
4407,Marks and Spencer,https://www.marksandspencer.com/
4408,P N RAO,https://www.pnrao.com/
4409,Pantaloons,https://www.pantaloons.com/
4410,Peter England,https://www.peterengland.com/
4411,Planet Fashion,https://www.planetfashion.in/
4412,Prestige Smart Kitchen,https://www.prestigexclusive.in/
4413,Raymond,https://www.raymondcorp.com/
4414,JioSaavn,https://www.jiosaavn.com/
4415,Taj Hotels,https://www.tajhotels.com/
4416,Talwalkars,http://www.talwalkars.net/
4417,Tgi Fridays,https://www.tgifridays.com/
4418,The Beer Cafe,https://thebeercafe.com/
4419,Titan Eye Plus,https://www.titaneyeplus.com/
4420,U.S. Polo Assn,https://uspoloassn.com/
4421,United Colors of Benetton,https://us.benetton.com/
4422,Van Heusen,https://vanheusen.partnerbrands.com/en
4423,Vero Moda,https://www.veromoda.com/
4424,VLCC,https://www.vlccwellness.com/India/
4425,Westside,https://westside66.org/
4426,Woodland,https://www.cityofwoodland.org/
4427,3M Car Care,https://www.3m.com/3M/en_US/auto-care-us/
4495,fabindia,https://www.fabindia.com/
4430,Nautica,https://www.nautica.com/
4431,Nu ayurveda,https://www.nuayurveda.com/
4432,Aeropostale,https://www.aeropostale.com/
4433,Gap,https://www.gap.com/
4434,Machaan,https://www.themachan.com/
4435,Portea,https://www.portea.com/
4437,Doers BIKE and CAR,https://doers.co.in/
4441,Sprintzeal,https://www.sprintzeal.com/
4442,Smaaash,https://smaaash.in/
4444,brandfactoryonline,https://www.brandfactoryonline.com/
4446,E zone,https://www.getezone.com/
4447,La Senza,https://www.lasenza.com/us
4448,Spar Hypermarket,https://www.sparindia.com/
4451,CNT ANNUAL SUBSCRIPTION,https://www.cntraveller.in/subscription-cni/
4453,Femina Tamil,https://www.femina.in/tamil
4454,Femina Hindi,https://www.femina.in/hindi
4455,AD ANNUAL SUBSCRIPTION,https://www.architecturaldigest.com/subscribe
4456,Femina English,https://www.femina.in/
4458,Femina Bangla,https://www.femina.in/bengali
4459,Top Gear,https://www.topgear.com/
4460,VOGUE,https://www.vogue.com/
4461,Lonely Planet,https://www.lonelyplanet.com/
4463,ALDO Accessories,https://www.aldoshoes.com/us/en_US/women/accessories
4466,Beverly Hills Polo Club,https://www.bhpoloclub.com/
4467,CALL IT SPRING,https://www.callitspring.com/us/en_US
4469,CHARLES and KEITH,https://www.charleskeith.com/us
4470,INGLOT,https://inglotcosmetics.com/
4471,Grazia,https://graziadaily.co.uk/
4472,Nine West,https://ninewest.com/
4473,GQ ANNUAL SUBSCRIPTION,http://subscribe.gq.com/
4474,Good Homes,https://www.goodhomes.co.in/
4475,New Balance,https://www.newbalance.com/
4476,Gadgets and Gizmos,https://www.shopgadgetsandgizmos.com/
4477,Cosmopolitan India,https://www.cosmopolitan.in/
4478,Business Today,https://www.businesstoday.in/
4479,Four Fountain Spa,https://www.thefourfountainsspa.in/
4480,Joyalukkas,http://www.joyalukkas.com/
4481,GiveIndia,https://www.giveindia.org/
4484,Viveks,https://www.viveks.com/
4485,Coffee Bean and Tea Leaf,https://www.coffeebean.com/
4486,Tanishq,https://www.tanishq.co.in/
4487,Gant,https://www.gant.com/
4490,ONLY Apparel,https://www.only.com/
4491,Pavers England,https://paversengland.com/
4492,Titan,https://www.titan.co.in/
4494,Cleartrip Local,https://www.cleartrip.com/
4499,BodyCraft,https://www.bodycraft.com/
4502,Home Centre,https://www.homecentre.in/
4509,Paytm Movies,https://paytm.com/movies
4515,Lotto,https://www.flalottery.com/lotto
4521,Nike,https://www.nike.com/
4525,Zomato Gold,https://www.zomato.com/gold
4529,Gaana,https://gaana.com/
4540,IZOD,https://izod.partnerbrands.com/en
4541,Iconic World,https://www.iconic-world.com/
4542,flipkart,https://www.flipkart.com/
4544,samsung,https://www.samsung.com/us/
4546,asuskart,https://asuskart.com/
4548,clicknbag,https://www.clicknbag.com/
4551,spoyl,https://www.spoyl.in/
4553,Udyan Tea,https://www.udyantea.com/
4554,XAGO,https://xago.io/
4555,XAGO,https://xago.io/
4450,Points for People,https://www.pointsforpeople.org/
4389,Bookmyshow Winpin,https://in.bookmyshow.com/offers/bookmyshow-winpin-offer/DISCOUNTCPNS
5000,azanisport,https://www.azanisport.com/
5001,rawnaturecompany,https://www.rawnaturecompany.com/
5002,xiaomi,https://www.mi.com/global/
5003,amaon.in,https://www.amazon.in/
5004,BODYFIRST,https://bodyfirst.com/
5008,Pinekart,https://www.pinekart.com/
5009,hostgator,https://www.hostgator.com/
5010,mamaearth,https://mamaearth.in/
5011,biotique,https://www.biotique.com/
5012,norton,https://us.norton.com/
5014,mnrmobiles.com,https://mnrmobiles.com/
5015,Gymstory,https://www.gymstory.nl/?lang=en
6000,lemonTreeHotels,https://www.lemontreehotels.com/
6001,Clarks,https://www.clarksusa.com/
6003,biba,https://www.biba.in/
6004,hotels.com,https://www.hotels.com/
6005,easyrentcars,https://www.qeeq.com/
6006,airbnb,https://www.airbnb.com/
6007,emirates,https://www.emirates.com/us/english/
6008,etihad,https://www.etihad.com/en-us/
6009,holidayme,https://www.holidayme.com/fph/en-ww
6010,hotelscombined,https://www.hotelscombined.com/
6011,qatarairways,https://www.qatarairways.com/
6012,compensair,https://www.compensair.com/en/
6013,medliffe,https://www.medlife.com/
6014,healthxp,https://healthxp.in/
6015,behrouzbiryani,https://www.behrouzbiryani.com/
6016,freshtohome,https://www.freshtohome.com/
6017,seniority,https://www.seniority.in/
6018,berrylook,https://www.berrylook.com/
6019,designbyhumans,https://www.designbyhumans.com/
6021,hopscotch,https://www.gethopscotch.com/
6022,kalkifashion,https://www.kalkifashion.com/
6023,manyavar,http://www.manyavar.com/
6024,milanoo,https://www.milanoo.com/
6025,puma.com,https://us.puma.com/
6026,shop4reebok,https://shop4reebok.com/
6027,veromoda,https://www.veromoda.com/
6028,insider,https://www.insider.com/
6029,magzter,https://www.magzter.com/
6030,forestessentialsindia,https://www.forestessentialsindia.com/
6031,2gud,https://www.2gud.com/
6032,360totalsecurity,https://www.360totalsecurity.com/en/
6034,chumbak,https://global.chumbak.com/
6035,citibank,https://online.citi.com/US/login.do
6036,cyber-florist.ru,https://cyber-florist.ru/
6037,fnp.com,https://www.fnp.com/
6038,furlenco,https://www.furlenco.com/
6039,harmanaudio,https://www.harmanaudio.com/
6040,heimdalsecurity,https://heimdalsecurity.com/en/
6041,zee5.com,https://www.zee5.com/
6042,hotspotshield,https://www.hotspotshield.com/
6043,igp.com,https://www.igp.com/
6044,industrybuying,https://www.industrybuying.com/
6045,kotak.com,https://www.kotak.com/en.html
6046,lenovo,https://www.lenovo.com/us/en/
6047,menakart,https://www.menakart.com/
6048,microsoft,https://www.microsoft.com/
6049,mivi.in,https://www.mivi.in/
6050,testbook,https://testbook.com/
6051,sharekhan,https://www.sharekhan.com/
6052,sunsky-online.com,https://www.sunsky-online.com/
6053,cashify,https://www.cashify.in/
6054,arata,https://www.arata.in/
6055,bigsmall,https://www.bigsmall.in/
6056,store.cashify.in,https://store.cashify.in/
6057,cityfurnish,https://cityfurnish.com/
6058,coolwinks,https://www.coolwinks.com/
6059,dresslily,https://www.dresslily.com/
6060,firangibake,https://www.firangibake.com/
6061,gonoise,https://www.gonoise.com/
6062,happilyunmarried,https://www.happilyunmarried.com/
6066,Urban Clap/Company,https://www.urbancompany.com/about
6067,Cure Fit,https://www.cure.fit/
6068,Nykaa Fashion,https://www.nykaafashion.com/
6069,Plum Goodness,https://plumgoodness.com/
6070,F2FMART,https://f2fmart.com/
6071,Rangriti,https://www.rangriti.com/
6072,RentalCars,https://www.rentalcars.com/us/
6073,Ritiveda,https://www.ritiveda.com/
6074,Gyftr,https://www.gyftr.com/hdfcsmartbuy/
6075,Ustraa,https://www.ustraa.com/
6076,Coveritup,https://coveritup.com/
6077,klook,https://www.klook.com/en-US/
6078,droom,https://droom.in/
6079,Hostinger,https://www.hostinger.com/
6080,kssshop,https://www.kssshop.com/
6081,markryden,http://www.markryden.com/
6082,Fossil,https://www.fossil.com/en-us/
6083,Ubuy,https://www.ubuy.com/
6084,Set stay,http://www.setstay.com/
6085,kaspersky,https://usa.kaspersky.com/
6086,priceline.com,https://www.priceline.com/
6087,nordVPN,https://nordvpn.com/
6088,Timesprime,https://www.timesprime.com/
6089,Udemy,https://www.udemy.com/
6090,Dell,https://www.dell.com/
6091,Policy Bazaar,https://www.policybazaar.com/
6092,themancompany,https://www.themancompany.com/
6093,hp,https://www8.hp.com/us/en/home.html
6094,alibaba,https://www.alibaba.com/
6095,sunveno,https://www.sunveno.in/
6096,nilkamal,https://nilkamal.com/
6099,Travelocity,https://www.travelocity.com/
6100,Zazzle,https://www.zazzle.com/
6101,Bluehost,https://www.bluehost.com/
6102,Beenverified,https://www.beenverified.com/
6103,Wish,https://www.wish.com/
6104,Shutterstock,https://www.shutterstock.com/
6105,Dhgate,https://www.dhgate.com/
6106,Ticketmaster,https://www.ticketmaster.com/
6107,Fedex,https://www.fedex.com/
6108,Quickbooks,https://quickbooks.intuit.com/
6109,Edx,https://www.edx.org/
6110,Springer,https://www.springer.com/
6111,Marriot,https://www.marriott.com/default.mi
6112,Fiverr,https://www.fiverr.com/
6113,Webex,https://www.webex.com/
6114,edreams,https://www.edreams.net/
6115,Deulec,https://www.deulec.in/
6116,amazon,https://www.amazon.com/
6119,IndieFur.Com,https://www.indiefur.com/
6120,ESSCENT,http://www.esscent.co.uk/
6121,eFixindia Store,https://efixindiastore.com/
6122,Moglix,https://www.moglix.com/
6123,eazydiner,https://www.eazydiner.com/
6124,inox,https://www.inox-us.com/
6125,eduonix,https://www.eduonix.com/
6126,starquik,https://www.starquik.com/
6127,altbalaji,https://www.altbalaji.com/
6128,toprankers,https://www.toprankers.com/
6129,adda247,https://www.adda247.com/
6130,viu,https://www.viu.com/
6131,sonyliv,https://www.sonyliv.com/
6132,hoichoi,https://www.hoichoi.tv/
6133,asics,https://www.asics.com/us/en-us/
6134,Google Play Store,https://www.logo.wine/logo/Google_Play
6136,yoins,https://us.yoins.com/
6137,bigcommerce,https://www.bigcommerce.com/
6138,beautifulhalo,https://www.beautifulhalo.com/
6139,miniinthebox,https://www.miniinthebox.com/
6140,purevpn,https://www.purevpn.com/
6141,qeeq,https://www.qeeq.com/
6142,Bajaao,https://www.bajaao.com/
6143,Codingblocks,https://codingblocks.com/
6144,Gradeup,https://gradeup.co/
6146,Medlifemedicines,https://www.medlife.com/
6147,flaberry,https://www.flaberry.com/
6148,jivaayurveda,https://www.jiva.com/
6149,lybrate,https://www.lybrate.com/
6150,red chief,https://www.redchief.in/
6151,beardo,https://www.beardowear.com/
6152,turmswear,https://www.turmswear.com/
6153,redcheif,https://www.redchief.in/
6154,KhelplayRummy,https://www.khelplayrummy.com/
6155,qtrove,https://www.qtrove.com/
6156,sochstore,https://www.sochstore.com/
6157,scocre,https://www.score.org/
6158,vootkids,https://www.vootkids.com/
6159,tjori,https://www.tjori.com/
6160,sukkhi,https://sukkhi.com/
6161,havells,https://www.havells.com/
6162,orra,https://www.orlandorealtors.org/
6163,myscoot,https://www.myscoot.in/
6164,onsitego,https://onsitego.com/
6165,thesouledstore,https://www.thesouledstore.com/
6166,thatspersonal,https://www.thatspersonal.com/
6167,enchanteur,https://www.enchanteur.in/
6168,edureka,https://www.edureka.co/
6169,mensxp,https://www.mensxp.com/
6170,sanjivsir,https://www.sanjivsir.com/
6171,vidyakul,https://www.vidyakul.com/
6172,drvaidyas,https://drvaidyas.com/
6173,ekeeda,https://ekeeda.com/
6174,shemaroome,https://www.shemaroome.com/
6175,resellerclub,https://www.resellerclub.com/
6176,wemakecreators,https://wemakecreators.com/
6177,interserver,https://www.interserver.net/
6178,oneplus,https://www.oneplus.com/
6179,metroshoes,https://www.metroshoes.net/
6180,confirmtkt,https://www.confirmtkt.com/
6181,giftalove,https://www.giftalove.com/
6182,ibacosmetics,https://www.ibacosmetics.com/
6183,libertylifestyle,https://libertelifestyles.com/collections/knee-sleeves
6184,9stacks,https://www.9stacks.com/
6185,planeteves,https://www.planeteves.com/
6187,thephylife,https://thephylife.com/
6188,henryandsmith,https://henryandsmith.com/
6189,myprotein,https://us.myprotein.com/
6191,redwolf,https://m.redwolfairsoft.com/
6192,nokia,https://www.nokia.com/
6193,andindia,https://www.andindia.com/
6194,candere,https://www.candere.com/
6195,printland,https://www.printland.in/
6197,romwe,https://us.romwe.com/
6198,beato,https://rickbeato.com/
6199,happyeasygo,https://www.happyeasygo.com/
6200,cadbury,https://www.cadbury.co.uk/
6201,jaypore,https://www.jaypore.com/
6202,madoverdonuts,https://www.madoverdonuts.com/
6203,srisritattva,https://www.srisritattva.com/
6204,wildcraft,https://wildcraft.com/
6205,whirlpool,https://www.whirlpool.com/
6206,onitsukatiger,https://www.onitsukatiger.com/
6207,revv,https://revv.com/
6208,damensch,https://www.damensch.com/
6209,chaipoint,https://chaipoint.com/
6210,lovzme,https://www.lovzme.com/
6211,zoylo,https://www.zoylo.com/
6212,soultree,https://www.soultree.in/
6213,colorbarcosmetics,https://www.colorbarcosmetics.com/
6214,guardian,https://www.theguardian.com/us
6215,nautinati,https://www.nautinati.com/
6216,dormify,https://www.dormify.com/
6217,hiremecar,https://hiremecar.com/
6218,globaldesi,https://www.globaldesi.in/
6219,sattvicko,https://www.sattviko.com/
6220,vistaprint,https://www.vistaprint.com/
6221,mylescars,https://www.mylescars.com/
6222,vistarooms,https://www.vistarooms.com/
6223,sugarcosmetics,https://us.sugarcosmetics.com/
6224,ezmall,https://www.ezmall.com/
6225,travelyaari,https://www.travelyaari.com/
6226,headphonezone,https://www.headphonezone.in/
6227,globus,https://www.globusjourneys.com/
6228,exclusivelane,https://exclusivelane.com/
6229,cheapoair,https://www.cheapoair.com/
6230,britishairways,https://www.britishairways.com/travel/home/public/en_us
6231,meru,http://www.merufilm.com/
6232,printvenue,https://www.printvenue.com/
6233,box8,https://box8.in/
6235,soulflower,https://www.soul-flower.com/
6236,kazo,https://kazo.com/
6237,zappfresh,https://www.zappfresh.com/
6238,erosnow,https://erosnow.com/
6239,savaari,https://www.savaari.com/
6240,true elements,https://www.true-elements.com/
6241,wforwoman,https://wforwoman.com/
6243,bombayshaving,https://www.bombayshavingcompany.com/
6244,durex,https://www.durexusa.com/
6245,ballebaazi,https://www.ballebaazi.com/
6246,usplworld,https://www.usplworld.com/
6247,oziva,https://www.oziva.in/
6248,kazimaperfumers,https://www.kazima.in/
6249,enfashop,https://www.enfashop.in/
6250,livpure,https://www.livpure.com/
6251,theyellowdoorstore,https://www.theyellowdoorstore.com/
6252,pcjeweller,https://www.pcjeweller.com/
6253,florista,https://florista.in/
6254,thenaturalwash,https://www.thenaturalwash.com/
6255,fbbonline,https://www.fbbonline.in/
6256,adlabsimagica,https://www.imagicaaworld.com/
6257,statelyessentials,https://www.statelyessentials.in/
6258,vaya,https://www.vayahealth.com/
6260,click2door,http://www.click2door.com/
6261,himalaya wellness,http://www.himalayawellness.com/
6262,bajaj electricals,https://www.bajajelectricals.com/
6263,hostingraja,https://www.hostingraja.in/
6264,interntheory,https://www.interntheory.com/
6265,wyo,https://health.wyo.gov/
6266,giftease,https://www.giftease.com/
6268,amzer,https://amzer.com/
6269,newchic,https://www.newchic.in/
6270,udacity,https://www.udacity.com/
6271,lovelywholesale,https://www.lovelywholesale.com/
6272,floryday,https://www.floryday.com/en/
6273,chicme,https://www.chicme.com/
6274,eneba,https://www.eneba.com/us/
6275,boutiquefeel,https://www.boutiquefeel.com/
6276,ivrose,https://ivrose.com/
6277,patpat,https://us.patpat.com/
6278,tvcmall,https://www.tvc-mall.com/
6279,cafago,https://www.cafago.com/en/
6280,adorama,https://www.adorama.com/
6281,lightinthebox,https://www.lightinthebox.com/
6282,joyshoetique,https://joyshoetique.com/
6283,casetify,https://www.casetify.com/
6284,ericdress,https://www.ericdress.com/
6285,cigabuy,https://www.cigabuy.com/
6286,tidebuy,https://www.tidebuy.com/
6287,revolve,https://www.revolve.com/
6288,priceelf,https://www.priceelf.com/
6289,theluxurycloset,https://theluxurycloset.com/en/
6290,gearvita,https://gearvita.com/
6291,whatwears,https://www.whatwears.com/
6293,luvyle,https://www.luvyle.com/
6294,etoren,https://www.etoren.com/
6295,liquidweb,https://www.liquidweb.com/
6296,glasseslit,https://www.glasseslit.com/
6297,peggybuy,https://www.peggybuy.com/
6298,cesdeals,https://www.cesdeals.com/
6299,knowfashionstyle,https://www.knowfashionstyle.com/
6300,GIZA,https://en.wikipedia.org/wiki/Giza
6301,aromashop,https://www.aromashop.in/
6302,splashfashions,https://www.splashfashions.com/
6303,fashionnova,https://www.fashionnova.com/
6304,walmart,https://www.walmart.com/
6305,etsy,https://www.etsy.com/
6306,target,https://www.target.com/
6307,wayfair,https://www.wayfair.com/
6308,aeo.in,https://www.aeo.in/
6309,weebly,https://www.weebly.com/
6310,macys,https://www.macys.com/
6311,instacart,https://www.instacart.com/
6312,samsclub,https://www.samsclub.com/
6313,uniqlo,https://www.uniqlo.com/us/en/home/
6314,overstock,https://www.overstock.com/
6315,sephora,https://www.sephora.com/
6316,chewy,https://www.chewy.com/
6317,nordstrom,https://www.nordstrom.com/
6318,dickssportinggoods,https://www.dickssportinggoods.com/
6319,grubhub,https://www.grubhub.com/
6320,mailchimp,https://mailchimp.com/
6321,newegg,https://www.newegg.com/
6322,groupon,https://www.groupon.com/
6323,mendards,https://www.menards.com/main/home.html
6324,teacherspayteachers,https://www.teacherspayteachers.com/
6325,zulily,https://www.zulily.com/
6326,amazon.com,https://www.amazon.com/
6327,totalwine,https://www.totalwine.com/
6328,thriftbooks,https://www.thriftbooks.com/
6329,proozy,https://www.proozy.com/
6330,greatergood,https://greatergood.com/
6331,sears,https://www.sears.com/
6332,food52,https://food52.com/
6333,skillshare,https://www.skillshare.com/
6334,safeway,https://www.safeway.com/
6335,dealmoon,https://www.dealmoon.com/en
6336,hsn,https://www.hsn.com/
6337,teespring,https://teespring.com/
6338,fingerhut,https://www.fingerhut.com/
6339,belk,https://www.belk.com/
6340,torrid,https://www.torrid.com/
6341,forever21.com,https://www.forever21.com/us/shop
6342,dillards,https://www.dillards.com/
6343,teepublic,https://www.teepublic.com/
6344,carid,https://www.carid.com/
6345,mercola,https://www.mercola.com/
6346,thredup,https://www.thredup.com/
6347,peapod,https://www.peapod.com/
6348,stamps,https://www.stamps.com/
6349,opticsplanet,https://www.opticsplanet.com/
6350,vans,https://www.vans.com/
6351,lulus,https://www.lulus.com/
6352,hottopic,https://www.hottopic.com/
6353,allmodern,https://www.allmodern.com/
6354,customink,https://www.customink.com/
6355,moonpig,https://www.moonpig.com/
6356,fragrancenet,https://www.fragrancenet.com/
6357,blissworld,https://www.blissworld.com/
6359,fineartamerica,https://fineartamerica.com/
6360,boxycharm,https://www.boxycharm.com/
6361,eastbay,https://www.eastbay.com/
6362,1800flowers,https://www.1800flowers.com/
6363,venus,https://www.venus.com/
6364,build.com,https://www.build.com/
6365,backcountry,https://www.backcountry.com/
6366,saksfifthavenue,https://www.saksfifthavenue.com/Entry.jsp
6367,gapfactory,https://www.gapfactory.com/
6368,society6,https://society6.com/
6369,therealreal,https://www.therealreal.com/
6370,campingworld,https://www.campingworld.com/
6371,beatstars,https://www.beatstars.com/
6372,shopbop,https://www.shopbop.com/
6373,jtv.com,https://www.jtv.com/
6374,bonanza,https://www.bonanza.com/
6375,musiciansfriend,https://www.musiciansfriend.com/
6376,freepeople,https://www.freepeople.com/
6377,etrailer,https://www.etrailer.com/
6378,babylist,https://www.babylist.com/
6379,fabfitfun,https://fabfitfun.com/
6380,freshdirect,https://www.freshdirect.com/
6381,hotair,https://hotair.com/
6382,wiggleuk,https://www.wiggle.co.uk/
6383,drbrite,https://www.drbrite.com/
6384,fandango,https://www.fandango.com/
6385,slicelife,https://slicelife.com/
6386,colourpop,https://colourpop.com/
6387,kmart,https://www.kmart.com/
6388,manscaped,https://www.manscaped.com/
6389,mercato,https://www.mercato.com/
6390,womanwithin,https://www.womanwithin.com/
6391,catholiconline.shopping,https://catholiconline.shopping/
6392,fastgrowingtrees,https://www.fast-growing-trees.com/
6393,rue21,https://www.rue21.com/store/
6394,eyebuydirect,https://www.eyebuydirect.com/
6395,yandy,https://www.yandy.com/
6396,templatemonster,https://www.templatemonster.com/
6397,jimmyjazz,https://www.jimmyjazz.com/
6398,feelunique,https://us.feelunique.com/
6399,birdies,https://birdies.com/
6400,rag-bone,https://www.rag-bone.com/
6401,verishop,https://www.verishop.com/
6402,proflowers,https://www.proflowers.com/
6403,goldbelly,https://www.goldbelly.com/
6404,harrys,https://www.harrys.com/en/us
6405,nectorsleep,https://www.nectarsleep.com/
6406,shophq,https://www.shophq.com/
6407,nectarsleep,https://www.nectarsleep.com/
6408,1800petmeds,https://www.1800petmeds.com/
6409,mypillow,https://www.mypillow.com/
6410,glassesusa,https://www.glassesusa.com/
6411,tradesy,https://www.tradesy.com/
6412,wine.com,https://www.wine.com/
6413,zola,https://www.zola.com/
6414,personalizationmall,https://www.personalizationmall.com/
6415,elementvape,https://www.elementvape.com/
6416,houseofbeautyworld,https://www.houseofbeautyworld.com/
6417,daily-harvest,https://www.daily-harvest.com/
6418,lakeside,https://www.lakesideohio.com/
6419,Janardan Farms & Resorts,https://www.janardanresort.in/
6420,roamans,https://www.roamans.com/
6421,collectionsetc,https://www.collectionsetc.com/
6422,cdbaby,https://cdbaby.com/
6423,factoryoutletstore,https://www.factoryoutletstore.com/
6424,mscdirect,https://www.mscdirect.com/
6425,extremeterrain,https://www.extremeterrain.com/
6426,monoprice,https://www.monoprice.com/
6427,ihop.com,https://www.ihop.com/en
6428,freshly,https://www.freshly.com/
6429,cafepress,https://www.cafepress.com/
6430,harryanddavid,https://www.harryanddavid.com/
6431,domyown,https://www.domyown.com/
6432,muscleandstrength,https://www.muscleandstrength.com/
6433,bluenile,https://www.bluenile.com/
6434,missouriquiltco,https://www.missouriquiltco.com/
6435,simpletire,https://simpletire.com/
6436,moosejaw,https://www.moosejaw.com/
6437,sonicelectronix,https://www.sonicelectronix.com/
6438,shop.sennheiserindia.com,https://shop.sennheiserindia.com/
6439,shopcrocs.in,https://shopcrocs.in/
6440,azaleasf,https://www.azaleasf.com/
6441,bellamihair,https://www.bellamihair.com/
6442,hammacher,https://www.hammacher.com/
6443,barenecessities,https://www.barenecessities.com/
6444,uncrate,https://uncrate.com/
6445,1800contacts,https://www.1800contacts.com/
6446,honest,https://www.honest.com/
6447,merrell,https://www.merrell.com/US/en/home
6448,threadless,https://www.threadless.com/
6449,skinstore,https://www.skinstore.com/
6450,caseys,https://www.caseys.com/
6451,scentbird,https://www.scentbird.com/
6452,surfshark,https://surfshark.com/
6453,dailysteals,https://www.dailysteals.com/
6454,toms,https://www.toms.com/
6455,boscovs,https://www.boscovs.com/
6456,rackroomshoes,https://www.rackroomshoes.com/
6457,dressbarn,https://dressbarn.com/
6458,fsastore,https://fsastore.com/
6459,tailorbrands,https://www.tailorbrands.com/
6460,ebags,https://www.ebags.com/
6461,replacements,https://www.replacements.com/
6462,thirdlove,https://www.thirdlove.com/
6463,americanmusical,https://www.americanmusical.com/
6464,olay,https://www.olay.com/
6465,pyramidair,https://www.pyramydair.com/
6466,naturehills,https://www.naturehills.com/
6467,misfitsmarket,https://www.misfitsmarket.com/
6468,keenfootwear,https://www.keenfootwear.com/
6469,yamibuy,https://www.yamibuy.com/en
6470,perfume,https://www.sephora.com/shop/perfume
6471,nypl.org,https://www.nypl.org/
6472,shoplc,https://www.shoplc.com/
6473,geneinno.us,https://geneinno.us/
6474,modcloth,https://www.modcloth.com/
6475,casper,https://casper.com/
6476,onnit,https://www.onnit.com/
6477,appliancesconnection,https://www.appliancesconnection.com/
6478,allswellhome,https://allswellhome.com/
6479,birchbox,https://www.birchbox.com/
6480,penny-arcade,https://www.penny-arcade.com/
6481,sokoglam,https://sokoglam.com/
6482,shapermint,https://shapermint.com/
6483,cratejoy,https://www.cratejoy.com/
6484,mynamenecklace,https://www.mynamenecklace.com/
6485,brookbrothers,https://www.brooksbrothers.com/
6486,brooksbrothers,https://www.brooksbrothers.com/
6487,mother.ly,https://www.mother.ly/
6488,bombas,https://bombas.com/
6489,cigarsinternational,https://www.cigarsinternational.com/
6490,squaretrade,https://www.squaretrade.com/
6491,rugsusa,https://www.rugsusa.com/
6492,allbirds,https://www.allbirds.com/
6493,soma.com,https://www.soma.com/store/
6494,1StopBedrooms,https://www.1stopbedrooms.com/
6495,fullbeauty,https://www.fullbeauty.com/
6496,softsurroundings,https://www.softsurroundings.com/
6497,bespokepost,https://www.bespokepost.com/
6498,wildalaskancompany,https://wildalaskancompany.com/
6499,petcarerx,https://www.petcarerx.com/
6500,budk,https://www.budk.com/
6501,gruntstyle,https://www.gruntstyle.com/
6502,earthshoes,https://earthshoes.com/
6503,endicia,https://www.endicia.com/
6504,dailysale,https://dailysale.com/
6505,bobbybrowncosmetics,https://www.bobbibrowncosmetics.com/
6506,vipbags.com,https://www.vipbags.com/
6507,skybags.co.in,https://www.skybags.co.in/
6508,fredericks,https://www.fredericks.com/
6509,azazie,https://www.azazie.com/
6510,dooney,https://www.dooney.com/home
6511,collage.com,https://www.collage.com/
6512,colemanfurniture,https://colemanfurniture.com/
6513,lionbrand,https://www.lionbrand.com/
6514,homedepot,https://www.homedepot.com/
6515,sperry,https://www.sperry.com/en/home
6516,drjays,https://www.drjays.com/
6517,cartersoshkosh,https://www.cartersoshkosh.ca/
6518,minted,https://www.minted.com/
6519,ross-simons,https://www.ross-simons.com/
6520,meundies,https://www.meundies.com/
6521,healthwarehouse,https://www.healthwarehouse.com/
6522,madison-reed,https://www.madison-reed.com/
6523,puravidabracelets,https://www.puravidabracelets.com/
6524,fatquartershop,https://www.fatquartershop.com/
6525,zenfolio,https://zenfolio.com/
6526,shoebacca,https://www.shoebacca.com/
6527,michiganbulb,https://www.michiganbulb.com/
6528,evitamins,https://www.evitamins.com/
6529,fye.com,https://www.fye.com/
6530,billabong,https://www.billabong.com/
6531,alexandani,https://www.alexandani.com/
6532,iedm,https://iedm.com/
6533,spanx,https://www.spanx.com/
6534,flaviar,https://flaviar.com/
6535,fullsource,https://www.fullsource.com/
6536,eloquii,https://www.eloquii.com/
6537,jaanuu,https://www.jaanuu.com/
6538,badcocksfl,https://badcocksfl.com/
6539,bookoutlet,https://bookoutlet.com/
6540,crowdcow,https://www.crowdcow.com/
6541,fanjoy,https://fanjoy.co/
6542,brylanehome,https://www.brylanehome.com/
6543,onekingslane,https://www.onekingslane.com/
6544,lumens,https://www.lumens.com/
6545,nativecos,https://www.nativecos.com/
6546,blurb,https://www.blurb.com/
6547,sharperimage,https://www.sharperimage.com/
6548,modaoperandi,https://www.modaoperandi.com/
6549,sunbasket,https://sunbasket.com/
6550,discountmugs,https://www.discountmugs.com/
6551,jamesallen,https://www.jamesallen.com/
6552,rageon,https://www.rageon.com/
6553,autoaccessoriesgarage,https://www.autoaccessoriesgarage.com/
6555,statelinetack,https://www.statelinetack.com/
6556,erincondren,https://www.erincondren.com/
6557,rothys,https://rothys.com/
6558,bodenusa,https://www.bodenusa.com/en-us
6559,shethinx,https://www.shethinx.com/
6560,haband,https://www.haband.com/
6561,theawseomer,https://theawesomer.com/
6562,ilmakiage,https://www.ilmakiage.com/
6563,fwrd,https://www.fwrd.com/
6564,postable,https://www.postable.com/
6565,extremerestraints,https://www.extremerestraints.com/
6566,winc,https://www.winc.com/
6567,homesciencetools,https://www.homesciencetools.com/
6568,avocadogreenmattress,https://www.avocadogreenmattress.com/
6569,giantvapes,https://www.giantvapes.com/
6570,draperjames,https://draperjames.com/
6571,lovelyskin,https://www.lovelyskin.com/
6572,cpap,https://www.cpap.com/
6573,ultrasabers,https://ultrasabers.com/
6574,rockport,https://www.rockport.com/
6575,vapewild,https://www.vapewild.com/
6576,healthproductsforyou,https://www.healthproductsforyou.com/
6577,smkw,https://www.smkw.com/
6578,peakdesign,https://www.peakdesign.com/
6579,buckmason,https://www.buckmason.com/
6580,gifts,https://www.gifts.com/
6581,lenscrafters,https://www.lenscrafters.com/
6582,morris4x4center,https://www.morris4x4center.com/
6583,easyspirit,https://easyspirit.com/
6584,alidropship,https://alidropship.com/
6585,amiclubwear,https://www.amiclubwear.com/
6586,powells,https://www.powells.com/
6587,moonglow,https://www.moonglow.com/
6588,everythingkitchens,https://www.everythingkitchens.com/
6589,factoryauthorizedoutlet,https://www.factoryauthorizedoutlet.com/
6590,mixbook,https://www.mixbook.com/
6591,tobi,https://www.tobi.com/
6592,bookofthemonth,https://www.bookofthemonth.com/
6593,shopvida,https://shopvida.com/
6594,deltateamtactical,https://www.deltateamtactical.com/
6595,bonobos,https://bonobos.com/
6596,cheaptickets,https://www.cheaptickets.com/
6597,motherhood,https://www.motherhood.com/
6598,longislandwatch,https://www.longislandwatch.com/
6599,Railmitra,https://www.railmitra.com/
6601,verthpc,https://www.verthpc.com/
6602,indiagift,https://www.indiagift.in/
6603,yardleyoflondon,https://www.yardleylondon.co.uk/
6604,tupperwareindia,https://www.tupperwareindia.com/
6605,capresebags,https://www.capresebags.com/
